ICLN,QCLN,ARKQ,BOTZ,ROBO
34.194338053509576,22.68454861468046,9.287245841123648,6.631188753819531,18.013765542558346
